"[0.00610499, 0.0128369, -0.0130252, -0.0071066, 0.999569, 0.0261917, -0.0109458, 0.714991, -0.602639, 0.0246835]"
"[0.00624223, 0.012689, -0.013733, -0.00751734, 0.999569, 0.0258971, -0.0113928, 0.644939, -0.649989, -0.114153]"
"[0.00625027, 0.0124324, -0.0138888, -0.0079128, 0.999569, 0.0257291, -0.011501, 0.573349, -0.949843, -0.0158161]"
"[0.00624023, 0.0120886, -0.0139688, -0.00834232, 0.999568, 0.0256119, -0.0115626, 0.446015, -0.827066, -0.0790414]"
"[0.00621282, 0.0117456, -0.0141223, -0.00878806, 0.99957, 0.0253165, -0.0116868, 0.514708, -1.04794, -0.158201]"
"[0.00616798, 0.0115459, -0.0143401, -0.00930029, 0.999569, 0.025106, -0.0118657, 0.365138, -1.06745, 0.12313]"
"[0.00614012, 0.0113893, -0.0144739, -0.0103398, 0.999564, 0.0248292, -0.0119642, 0.285567, -0.981261, 0.0643203]"
"[0.00613548, 0.0109253, -0.014534, -0.0113379, 0.999562, 0.0244678, -0.011991, 0.275953, -1.0671, -0.08079]"
"[0.00605898, 0.0105387, -0.0148295, -0.0127144, 0.999554, 0.0239804, -0.0122345, 0.153701, -1.2616, 0.0502661]"
"[0.0059123, 0.0100388, -0.0153826, -0.0145148, 0.999536, 0.0234704, -0.0126984, 0.0777686, -1.13407, -0.0256176]"
"[0.00577429, 0.00925335, -0.0159429, -0.0159445, 0.99952, 0.0229736, -0.0131469, 0.331115, -1.09166, -0.405413]"
"[0.00567452, 0.0085936, -0.0163495, -0.017615, 0.999498, 0.0225118, -0.0134516, 0.286273, -1.13989, -0.036931]"
"[0.00559794, 0.00794478, -0.0166758, -0.0190759, 0.999486, 0.0217005, -0.0136851, 0.330467, -1.32885, -0.128899]"
"[0.00550582, 0.00753285, -0.0170379, -0.0203471, 0.999471, 0.0210527, -0.0139627, 0.331486, -1.50003, -0.297779]"
"[0.00535691, 0.00699323, -0.0176055, -0.0214163, 0.999461, 0.0201468, -0.0144321, 0.233985, -1.47478, -0.161623]"
"[0.00517508, 0.00642713, -0.018266, -0.0221529, 0.999453, 0.0193076, -0.0150085, 0.121793, -1.35924, -0.164508]"
"[0.0049799, 0.00605722, -0.0190795, -0.0230727, 0.999434, 0.0187369, -0.0156333, 0.123178, -1.20408, -0.288869]"
"[0.00485842, 0.00545822, -0.0197115, -0.0240311, 0.999417, 0.0180252, -0.016046, 0.0862809, -1.38868, -0.273065]"
"[0.00481508, 0.0049062, -0.0199476, -0.0258783, 0.999376, 0.0176813, -0.0161125, 0.0879094, -1.36138, -0.318233]"
"[0.00480252, 0.00434323, -0.0200838, -0.0279996, 0.999323, 0.0175295, -0.0160503, 0.0954799, -1.31897, -0.157777]"
"[0.00473708, 0.00409031, -0.0203749, -0.0298179, 0.999272, 0.0173309, -0.0161671, 0.0848905, -1.38236, -0.11482]"
"[0.00462484, 0.0040475, -0.0208548, -0.0315814, 0.999219, 0.016983, -0.0164507, 0.050032, -1.38148, -0.180956]"
"[0.00457711, 0.00388437, -0.0214131, -0.0331198, 0.999171, 0.0167294, -0.0166131, 0.201894, -1.58926, -0.331548]"
"[0.004603, 0.00364608, -0.0217596, -0.0341679, 0.99914, 0.0165094, -0.0165781, 0.127546, -1.30658, -0.343147]"
"[0.00463531, 0.00363703, -0.0217904, -0.0351321, 0.999114, 0.0161704, -0.0164637, 0.195002, -1.44634, -0.359557]"
"[0.00466223, 0.00356162, -0.0217802, -0.0360052, 0.999091, 0.0157567, -0.0163527, 0.177647, -1.52419, -0.256311]"
"[0.00467219, 0.00333908, -0.0217931, -0.0366223, 0.999076, 0.0153615, -0.0162899, 0.130419, -1.37015, -0.372388]"
"[0.00465435, 0.00300667, -0.0219691, -0.0378175, 0.999036, 0.0150586, -0.0162821, 0.193551, -1.49144, -0.545546]"
"[0.00458526, 0.00235549, -0.0225859, -0.0398211, 0.998957, 0.0149891, -0.0164107, 0.239812, -1.43793, -0.693089]"
"[0.00457942, 0.00149069, -0.0238533, -0.0416534, 0.998882, 0.0148274, -0.016558, 0.335413, -1.41006, -0.597239]"
"[0.00467785, 0.00087518, -0.0252549, -0.0431953, 0.998821, 0.0146003, -0.0165169, 0.0933347, -1.21935, -0.439112]"
"[0.00473974, 0.000503102, -0.0261378, -0.0445627, 0.998763, 0.0145462, -0.0164298, 0.0371602, -1.43767, -0.388074]"
"[0.0047445, 0.00021125, -0.0266327, -0.04547, 0.998726, 0.0142641, -0.0164465, 0.0902058, -1.32269, -0.571924]"
"[0.00474069, -6.01067e-05, -0.0270366, -0.0457884, 0.998714, 0.0140539, -0.0165036, 0.0369414, -1.4027, -0.49726]"
"[0.00475952, -0.000248953, -0.0272429, -0.0458773, 0.998712, 0.013888, -0.0164878, -0.0894946, -1.54646, -0.502766]"
"[0.00472599, -0.000399155, -0.0274332, -0.0459135, 0.99871, 0.013789, -0.0165955, -0.118809, -1.34633, -0.433481]"
"[0.00466746, -0.000604186, -0.0277574, -0.0459494, 0.998707, 0.0136749, -0.0167829, -0.231171, -1.23452, -0.345652]"
"[0.00461629, -0.000851921, -0.0281647, -0.0459682, 0.998703, 0.0136554, -0.0169537, -0.218951, -1.70836, -0.218983]"
"[0.00458985, -0.00103005, -0.028708, -0.0459964, 0.998699, 0.0136467, -0.0171304, 0.0895843, -1.5059, -0.678155]"
"[0.00463119, -0.00112853, -0.0294992, -0.0459974, 0.998699, 0.0135758, -0.0172123, -0.121528, -1.52049, -0.567348]"
"[0.00464947, -0.00125075, -0.030215, -0.0459959, 0.998697, 0.0135383, -0.0173148, 0.00133316, -1.48012, -0.483663]"
"[0.0047094, -0.00133177, -0.030627, -0.0459817, 0.9987, 0.0134805, -0.0172635, -0.010132, -1.49143, -0.347394]"
"[0.00476017, -0.00142024, -0.0308137, -0.045974, 0.998702, 0.0133984, -0.0171879, 0.0025355, -1.40733, -0.580779]"
"[0.00479251, -0.00153891, -0.030897, -0.0459884, 0.998705, 0.0132751, -0.0171271, -0.0288765, -1.49354, -0.504206]"
"[0.00481363, -0.00162553, -0.0309645, -0.0460476, 0.998704, 0.0131581, -0.0170836, -0.0566506, -1.42648, -0.652412]"
"[0.00481075, -0.0017811, -0.0310439, -0.0461087, 0.998703, 0.0129769, -0.0170941, -0.0544639, -1.48468, -0.509618]"
"[0.00479931, -0.0020398, -0.0311804, -0.0461732, 0.998702, 0.012791, -0.0171234, -0.0777136, -1.44727, -0.62759]"
"[0.00474311, -0.0025278, -0.0314716, -0.046282, 0.998698, 0.0125721, -0.0172675, -0.16374, -1.66573, -0.573603]"
"[0.00471657, -0.00319758, -0.0318636, -0.0466004, 0.998685, 0.0122889, -0.0173214, -0.148346, -1.66022, -0.660371]"
"[0.00468754, -0.00358978, -0.0322498, -0.0473606, 0.998651, 0.0121702, -0.0173467, 0.041989, -1.55013, -0.874482]"
"[0.00461977, -0.00389393, -0.0326918, -0.04819, 0.99861, 0.0120811, -0.0174795, -0.0475714, -1.31087, -0.610626]"
"[0.00458703, -0.00415467, -0.0331405, -0.0497607, 0.998531, 0.0122771, -0.0174399, -0.0141878, -1.43841, -0.858874]"
"[0.00451705, -0.00452441, -0.0336251, -0.0516581, 0.998433, 0.0124114, -0.0174441, -0.041753, -1.53028, -0.707754]"
"[0.00445775, -0.00448069, -0.0340714, -0.0531845, 0.998349, 0.0126343, -0.0174911, 0.0177704, -1.429, -0.564158]"
"[0.00444379, -0.00424373, -0.0346019, -0.054752, 0.998263, 0.0127883, -0.0174701, 0.310883, -1.2378, -0.862763]"
"[0.00443445, -0.00392147, -0.0352512, -0.0564189, 0.998166, 0.0131288, -0.0174548, 0.113714, -1.31646, -0.666202]"
"[0.00445544, -0.00371883, -0.0355762, -0.057437, 0.998105, 0.0134763, -0.0173488, 0.0606174, -1.16995, -0.582746]"
"[0.00449227, -0.0036084, -0.0355592, -0.0578642, 0.998079, 0.0137013, -0.0172267, 0.188341, -1.06288, -0.521024]"
"[0.00453788, -0.00343429, -0.035523, -0.0579954, 0.998069, 0.0140033, -0.0171542, 0.127111, -0.776164, -0.325405]"
"[0.00460665, -0.00321805, -0.0354692, -0.0580611, 0.998061, 0.0143519, -0.0170771, 0.10875, -0.82568, -0.336417]"
"[0.00463456, -0.00308281, -0.035447, -0.0581057, 0.998054, 0.0147095, -0.0170373, 0.134577, -0.853033, -0.352772]"
"[0.00464648, -0.00297647, -0.0354356, -0.0581414, 0.998049, 0.0149524, -0.0170166, 0.0903366, -0.86204, -0.469851]"
"[0.00465443, -0.00284524, -0.0354315, -0.0581744, 0.998043, 0.0152583, -0.0170029, 0.093866, -0.834243, -0.422612]"
"[0.00466612, -0.00267744, -0.0354226, -0.0582137, 0.998035, 0.0156198, -0.0169838, 0.184386, -1.02383, -0.505068]"
"[0.00466998, -0.00258565, -0.0354271, -0.0582584, 0.998028, 0.0158846, -0.016972, 0.204428, -0.883747, -0.531719]"
"[0.0046596, -0.00255105, -0.0355024, -0.0583893, 0.998016, 0.0161628, -0.0169907, 0.301737, -0.884357, -0.895866]"
"[0.00465512, -0.00250482, -0.0357721, -0.0586349, 0.997996, 0.0164496, -0.017037, 0.226987, -0.969101, -0.648527]"
"[0.00481181, -0.00243825, -0.0361115, -0.0591036, 0.997968, 0.0167489, -0.0167676, 0.435316, -1.01294, -0.98816]"
"[0.00500803, -0.00232973, -0.03649, -0.059822, 0.997925, 0.0171569, -0.0163721, 0.300796, -1.09079, -0.743788]"
"[0.0051702, -0.00224293, -0.0368856, -0.0605232, 0.997879, 0.017744, -0.0159782, 0.0760183, -1.0484, -0.518431]"
"[0.00529948, -0.00210651, -0.0372827, -0.0614288, 0.997823, 0.0180774, -0.0156287, -0.118004, -1.07441, -0.567873]"
"[0.00536689, -0.00202242, -0.0376747, -0.0625722, 0.997751, 0.0183634, -0.0153804, -0.115773, -1.11758, -0.658687]"
"[0.0053753, -0.00208359, -0.0381497, -0.0635104, 0.997687, 0.0186909, -0.0152848, -0.240735, -1.29151, -0.594176]"
"[0.00535369, -0.00224088, -0.0385508, -0.0639695, 0.997652, 0.0189351, -0.0153044, -0.0393723, -1.28833, -0.676019]"
"[0.00533577, -0.00239926, -0.0388876, -0.0641588, 0.997635, 0.0191705, -0.0153395, -0.0731823, -1.46506, -0.863775]"
"[0.00527445, -0.00250717, -0.0393668, -0.0645475, 0.997606, 0.0192434, -0.0154854, -0.0653014, -1.51043, -0.744679]"
"[0.00526258, -0.00265913, -0.0401672, -0.0654489, 0.997547, 0.0192504, -0.015498, 0.0870197, -1.36168, -0.756276]"
"[0.00540981, -0.00281274, -0.0411773, -0.0657566, 0.997528, 0.0192906, -0.0153997, 0.226953, -1.60954, -0.57693]"
"[0.00562146, -0.00289136, -0.0420691, -0.0660485, 0.997513, 0.0192562, -0.0151706, 0.248005, -1.62886, -0.447939]"
"[0.00581318, -0.0030587, -0.0426129, -0.066618, 0.997485, 0.019029, -0.0147956, 0.289314, -1.38178, -0.902724]"
"[0.00589773, -0.00343141, -0.0427556, -0.0669833, 0.997469, 0.0187642, -0.0145357, -0.00511673, -1.61679, -0.7149]"
"[0.0059179, -0.00387272, -0.0428057, -0.0672526, 0.997457, 0.0185791, -0.0144063, -0.0937289, -1.55124, -0.644907]"
"[0.00594805, -0.00399298, -0.0428111, -0.0675908, 0.997436, 0.0185815, -0.0142675, -0.0193233, -1.51378, -0.735796]"
"[0.00600167, -0.00393631, -0.0427777, -0.067919, 0.997415, 0.0186012, -0.0141268, 0.0302752, -1.39088, -0.572738]"
"[0.0061461, -0.00389382, -0.0426633, -0.068115, 0.997402, 0.0187065, -0.013928, 0.0707355, -1.2572, -0.415959]"
"[0.00654708, -0.00387575, -0.0422986, -0.0681517, 0.997405, 0.0187745, -0.0134539, 0.015037, -1.08366, -0.0377808]"
"[0.00707897, -0.00366368, -0.0413678, -0.0681368, 0.997413, 0.0190532, -0.0125034, -0.13694, -0.953935, 0.566203]"
"[0.00752004, -0.0032776, -0.0398082, -0.0681562, 0.997417, 0.019529, -0.0113033, -0.395419, -0.56794, 1.01906]"
"[0.00792407, -0.00278098, -0.0377679, -0.0682382, 0.997413, 0.0201364, -0.0100516, -0.647402, -0.505695, 1.28367]"
"[0.00807891, -0.00208928, -0.0351393, -0.0685167, 0.997385, 0.0209469, -0.00921226, -0.77211, -0.437443, 1.91933]"
"[0.00823139, -0.00147166, -0.032889, -0.0687463, 0.997361, 0.0216689, -0.00843943, -0.820823, -0.28467, 1.99908]"
"[0.00827655, -0.000850419, -0.0309436, -0.0689737, 0.997334, 0.0223699, -0.00784022, -1.07312, -0.22947, 2.34122]"
"[0.00821128, -0.000252448, -0.0290471, -0.0692087, 0.997307, 0.0230408, -0.00735537, -1.20491, -0.294183, 1.81439]"
"[0.00820305, 0.000133967, -0.0283093, -0.069324, 0.99729, 0.0234475, -0.00719297, -1.2499, -0.223861, 2.06122]"
"[0.00816745, 0.000306238, -0.028337, -0.0693537, 0.997284, 0.023601, -0.00726082, -1.07252, -0.244177, 1.67817]"
"[0.00806272, 0.000352383, -0.0284221, -0.0693674, 0.997281, 0.023632, -0.00738496, -1.10846, -0.399547, 1.65243]"
"[0.00783084, 0.000356691, -0.0286246, -0.0693805, 0.997279, 0.023613, -0.00764362, -0.992739, -0.530957, 1.33745]"
"[0.00754159, 0.000338161, -0.0288763, -0.0693944, 0.997277, 0.0235698, -0.00796452, -1.08206, -0.635428, 1.28816]"
"[0.00714265, 0.000172441, -0.0292163, -0.0693914, 0.997278, 0.0233759, -0.00839157, -1.19279, -0.650159, 1.21815]"
"[0.00677868, -8.52534e-05, -0.0295261, -0.0693724, 0.997282, 0.0231045, -0.00877208, -1.32608, -0.670207, 1.04229]"
"[0.00640989, -0.000418659, -0.0298688, -0.0693442, 0.997288, 0.0227609, -0.00917572, -1.22091, -0.859737, 1.01943]"
"[0.00599292, -0.000938287, -0.0303791, -0.0693148, 0.997298, 0.0222239, -0.00971564, -1.27103, -0.857577, 0.74174]"
"[0.00558371, -0.00155515, -0.03093, -0.0692673, 0.997309, 0.0216, -0.0102704, -1.20852, -0.986042, 0.617729]"
"[0.00523501, -0.00209881, -0.0314681, -0.0692212, 0.997319, 0.0210458, -0.0107532, -1.18823, -1.22994, 0.415315]"
"[0.00495088, -0.00254558, -0.0319023, -0.0691729, 0.997328, 0.02059, -0.0111044, -1.27309, -1.17834, 0.519611]"
"[0.00474488, -0.00282108, -0.0321916, -0.0691628, 0.997331, 0.0203009, -0.0113905, -1.18832, -1.16458, 0.383389]"
"[0.00462555, -0.00292999, -0.0323422, -0.0691561, 0.997332, 0.0201839, -0.011549, -1.14487, -1.25567, 0.380257]"
"[0.00460665, -0.00299222, -0.0323608, -0.0691498, 0.997334, 0.0201246, -0.0115674, -1.15191, -1.07527, 0.323416]"
"[0.00459568, -0.00302411, -0.032373, -0.0691459, 0.997334, 0.0200981, -0.0115797, -1.14322, -1.15913, 0.397239]"
"[0.00459299, -0.00304486, -0.0323731, -0.0691441, 0.997335, 0.0200721, -0.0115805, -1.1333, -1.15248, 0.414847]"
"[0.00459542, -0.00304592, -0.0323714, -0.0691421, 0.997335, 0.0200756, -0.011575, -1.05803, -1.09825, 0.42379]"
"[0.00459875, -0.00304945, -0.0323701, -0.0691404, 0.997336, 0.0200711, -0.0115663, -0.983062, -1.02534, 0.43873]"
"[0.00460101, -0.00304578, -0.0323701, -0.0691392, 0.997336, 0.0200753, -0.011562, -0.955318, -1.00752, 0.412655]"
"[0.00460304, -0.00305042, -0.0323678, -0.0691381, 0.997336, 0.0200736, -0.0115571, -0.909714, -1.01354, 0.420627]"
"[0.00460477, -0.00304951, -0.0323654, -0.0691372, 0.997336, 0.0200739, -0.0115528, -0.921931, -0.989155, 0.434904]"
"[0.00460522, -0.00305049, -0.032366, -0.0691375, 0.997336, 0.0200721, -0.0115529, -0.90879, -0.970847, 0.465559]"
"[0.00460711, -0.00304851, -0.0323637, -0.0691378, 0.997336, 0.0200735, -0.0115489, -0.895672, -0.926495, 0.496751]"
"[0.00460821, -0.00304711, -0.0323625, -0.0691383, 0.997336, 0.020072, -0.0115465, -0.918744, -0.91551, 0.45424]"
"[0.00460929, -0.00304628, -0.032361, -0.0691377, 0.997336, 0.0200761, -0.0115448, -0.897619, -0.917074, 0.439582]"
"[0.00460942, -0.00304926, -0.0323596, -0.0691373, 0.997336, 0.0200705, -0.0115428, -0.908784, -0.890456, 0.445036]"
"[0.00460953, -0.00305048, -0.0323601, -0.0691364, 0.997336, 0.0200717, -0.0115418, -0.8961, -0.902825, 0.43751]"
"[0.0046108, -0.00304965, -0.0323596, -0.0691365, 0.997336, 0.0200737, -0.0115406, -0.889998, -0.901246, 0.428258]"
"[0.00461088, -0.00304869, -0.0323588, -0.069136, 0.997336, 0.0200749, -0.01154, -0.901328, -0.903727, 0.439466]"
"[0.00461278, -0.00304725, -0.0323583, -0.0691358, 0.997336, 0.0200735, -0.0115364, -0.88115, -0.86599, 0.448694]"
"[0.00461357, -0.00304909, -0.0323573, -0.0691357, 0.997336, 0.0200736, -0.0115341, -0.893079, -0.880148, 0.436097]"
"[0.00461393, -0.00304901, -0.0323576, -0.069136, 0.997336, 0.0200725, -0.0115345, -0.924613, -0.854118, 0.452599]"
"[0.0046159, -0.0030514, -0.0323577, -0.0691348, 0.997336, 0.0200699, -0.011531, -0.826187, -0.891402, 0.518247]"
"[0.00461967, -0.00305103, -0.0323526, -0.0691331, 0.997337, 0.0200721, -0.0115225, -0.902646, -0.917734, 0.429823]"
"[0.00462033, -0.00304931, -0.0323524, -0.0691335, 0.997336, 0.0200745, -0.0115209, -0.920115, -0.885525, 0.438769]"
"[0.00462136, -0.00305325, -0.0323517, -0.0691324, 0.997337, 0.020071, -0.0115182, -0.908549, -0.886386, 0.412804]"
"[0.00462255, -0.00305246, -0.0323529, -0.0691323, 0.997337, 0.020069, -0.0115174, -0.928728, -0.867568, 0.422958]"
"[0.00462178, -0.00305236, -0.0323543, -0.0691325, 0.997337, 0.0200671, -0.0115192, -0.932046, -0.893457, 0.400027]"
"[0.00462248, -0.00305163, -0.0323526, -0.0691321, 0.997337, 0.0200706, -0.0115172, -0.93348, -0.890251, 0.426093]"
"[0.00462191, -0.00305053, -0.0323518, -0.0691328, 0.997337, 0.0200712, -0.0115173, -0.946687, -0.897425, 0.412807]"
"[0.00462161, -0.00305181, -0.032353, -0.069132, 0.997337, 0.0200693, -0.0115172, -0.917362, -0.892396, 0.40217]"
"[0.00462189, -0.0030536, -0.0323538, -0.0691319, 0.997337, 0.020069, -0.0115169, -0.936433, -0.88063, 0.396356]"
"[0.0046231, -0.00305214, -0.0323548, -0.0691317, 0.997337, 0.0200697, -0.0115151, -0.93112, -0.89107, 0.389019]"
"[0.0046255, -0.00305034, -0.0323504, -0.0691307, 0.997337, 0.0200727, -0.0115094, -0.940991, -0.881683, 0.40068]"
"[0.00462658, -0.00305271, -0.0323523, -0.0691302, 0.997337, 0.0200723, -0.0115092, -0.942796, -0.910834, 0.382128]"
"[0.00462795, -0.0030527, -0.0323497, -0.0691303, 0.997337, 0.0200705, -0.0115062, -0.924204, -0.879732, 0.396862]"
"[0.00462703, -0.00305312, -0.0323502, -0.0691288, 0.997337, 0.0200707, -0.0115038, -1.0191, -0.870438, 0.573032]"
"[0.00462849, -0.00305235, -0.03235, -0.0691296, 0.997337, 0.0200702, -0.0115, -0.948248, -0.892963, 0.405763]"
"[0.00463112, -0.00305181, -0.0323462, -0.069128, 0.997337, 0.020073, -0.0114947, -0.941914, -0.888224, 0.393294]"
"[0.00463295, -0.0030553, -0.032347, -0.0691265, 0.997337, 0.0200694, -0.0114911, -0.939982, -0.883156, 0.40202]"
"[0.00463222, -0.00305615, -0.032348, -0.0691266, 0.997337, 0.020069, -0.0114918, -0.931589, -0.89497, 0.391048]"
"[0.00463341, -0.00305438, -0.0323479, -0.0691266, 0.997337, 0.0200662, -0.0114906, -0.951239, -0.867514, 0.38745]"
"[0.00463532, -0.00305364, -0.032346, -0.0691269, 0.997337, 0.0200695, -0.0114863, -0.951217, -0.88654, 0.374188]"
"[0.00463428, -0.00305277, -0.032348, -0.0691268, 0.997337, 0.0200695, -0.0114886, -0.945772, -0.888486, 0.38644]"
"[0.00463434, -0.00305467, -0.0323482, -0.0691261, 0.997337, 0.0200684, -0.0114884, -0.963998, -0.880811, 0.405156]"
"[0.00463542, -0.00305604, -0.0323476, -0.0691251, 0.997338, 0.0200676, -0.0114858, -0.930269, -0.891018, 0.372993]"
"[0.00463839, -0.0030544, -0.0323454, -0.0691253, 0.997338, 0.0200673, -0.0114798, -0.926516, -0.892224, 0.351274]"
"[0.0046391, -0.00305756, -0.0323455, -0.069124, 0.997338, 0.0200682, -0.0114778, -0.949207, -0.941884, 0.375948]"
"[0.00464057, -0.00305333, -0.0323442, -0.0691244, 0.997338, 0.0200692, -0.0114761, -0.938229, -0.887066, 0.35137]"
"[0.0046382, -0.00305612, -0.032347, -0.069123, 0.997338, 0.020067, -0.0114784, -0.937753, -0.885473, 0.368168]"
"[0.00463901, -0.00305504, -0.0323472, -0.0691252, 0.997338, 0.0200648, -0.0114777, -0.95635, -0.876252, 0.371712]"
"[0.00463939, -0.00305876, -0.0323462, -0.0691231, 0.997338, 0.0200653, -0.0114763, -0.967641, -0.86621, 0.372193]"
"[0.00464028, -0.00305538, -0.0323446, -0.0691227, 0.997338, 0.0200709, -0.0114732, -0.949913, -0.86443, 0.37176]"
"[0.00464053, -0.00305508, -0.0323457, -0.069123, 0.997338, 0.0200677, -0.0114742, -0.952163, -0.879141, 0.358476]"
"[0.00464169, -0.00305798, -0.0323442, -0.069124, 0.997338, 0.0200632, -0.0114723, -0.968631, -0.881407, 0.38826]"
"[0.00464086, -0.00305383, -0.0323452, -0.0691236, 0.997338, 0.0200695, -0.011472, -0.956406, -0.88262, 0.373139]"
"[0.00464226, -0.00305281, -0.032344, -0.0691241, 0.997338, 0.020069, -0.0114709, -0.950451, -0.872872, 0.357194]"
"[0.00464297, -0.0030547, -0.0323434, -0.0691224, 0.997338, 0.0200692, -0.0114702, -0.945349, -0.877861, 0.349896]"
"[0.00464148, -0.00305715, -0.0323454, -0.0691233, 0.997338, 0.0200651, -0.0114716, -0.946432, -0.873843, 0.353079]"
"[0.00464394, -0.00305955, -0.0323438, -0.0691216, 0.997338, 0.0200637, -0.0114678, -0.959822, -0.858655, 0.387525]"
"[0.00464237, -0.00305796, -0.0323455, -0.0691212, 0.997338, 0.0200672, -0.0114687, -0.934778, -0.892331, 0.355754]"
"[0.00464325, -0.00305582, -0.0323441, -0.0691225, 0.997338, 0.0200648, -0.0114671, -0.967634, -0.880879, 0.368125]"
"[0.00464451, -0.00305583, -0.0323432, -0.0691221, 0.997338, 0.0200682, -0.0114655, -0.960925, -0.877941, 0.364121]"
"[0.00464298, -0.00305539, -0.0323436, -0.0691232, 0.997338, 0.0200667, -0.011467, -0.972722, -0.869922, 0.365107]"
"[0.00464431, -0.00305682, -0.0323462, -0.0691222, 0.997338, 0.0200666, -0.0114678, -0.983059, -0.872535, 0.400381]"
"[0.0046456, -0.00305717, -0.0323434, -0.0691219, 0.997338, 0.0200644, -0.0114635, -0.991341, -0.883412, 0.368002]"
"[0.00464299, -0.00305508, -0.0323455, -0.0691221, 0.997338, 0.0200687, -0.0114664, -0.979501, -0.87382, 0.373536]"
"[0.00464332, -0.00305613, -0.032346, -0.0691211, 0.997338, 0.020069, -0.0114665, -0.958683, -0.879088, 0.353733]"
"[0.0046446, -0.00305617, -0.0323435, -0.0691217, 0.997338, 0.0200681, -0.0114641, -0.951386, -0.889951, 0.382228]"
"[0.00464494, -0.00305801, -0.0323438, -0.0691208, 0.997338, 0.020066, -0.0114646, -0.962316, -0.854097, 0.376429]"
"[0.00464555, -0.00305579, -0.0323442, -0.069122, 0.997338, 0.0200701, -0.0114639, -0.980432, -0.8819, 0.352171]"
"[0.00464681, -0.00305634, -0.032342, -0.0691215, 0.997338, 0.0200688, -0.0114609, -0.95947, -0.877344, 0.351622]"
"[0.00464559, -0.00305848, -0.0323439, -0.0691204, 0.997338, 0.0200659, -0.0114619, -0.945068, -0.870155, 0.318154]"
"[0.00464675, -0.00305645, -0.0323426, -0.0691203, 0.997338, 0.0200675, -0.0114603, -0.97212, -0.873156, 0.334527]"
"[0.00464761, -0.00305638, -0.0323425, -0.0691206, 0.997338, 0.0200673, -0.0114595, -0.962021, -0.869649, 0.377556]"
"[0.00464579, -0.00305753, -0.0323434, -0.0691201, 0.997338, 0.0200646, -0.0114606, -0.974233, -0.875406, 0.36865]"
"[0.00464723, -0.00305591, -0.0323431, -0.0691213, 0.997338, 0.0200664, -0.0114593, -0.975906, -0.857805, 0.360064]"
"[0.00464355, -0.00305921, -0.0323461, -0.0691211, 0.997338, 0.0200617, -0.0114637, -0.976281, -0.866396, 0.356809]"
"[0.00464934, -0.00305781, -0.0323419, -0.06912, 0.997338, 0.0200662, -0.0114552, -0.973371, -0.881392, 0.359475]"
"[0.0046481, -0.00305655, -0.0323421, -0.0691203, 0.997338, 0.0200652, -0.0114566, -0.963949, -0.863548, 0.387705]"
"[0.00464825, -0.00305878, -0.0323418, -0.0691201, 0.997338, 0.0200648, -0.0114566, -0.959214, -0.866986, 0.347835]"
"[0.00464686, -0.00305701, -0.0323438, -0.0691196, 0.997338, 0.0200654, -0.0114582, -0.959337, -0.89344, 0.352516]"
"[0.00464908, -0.00305669, -0.0323428, -0.0691206, 0.997338, 0.0200666, -0.011456, -1.0611, -0.87676, 0.548006]"
"[0.00464821, -0.00305976, -0.0323437, -0.0691198, 0.997338, 0.020064, -0.0114562, -0.973668, -0.86878, 0.357678]"
"[0.00464888, -0.003058, -0.0323412, -0.0691199, 0.997338, 0.0200648, -0.011454, -0.979408, -0.873441, 0.342919]"
"[0.00465126, -0.00306019, -0.0323396, -0.0691189, 0.997339, 0.0200622, -0.0114504, -0.966143, -0.872398, 0.355801]"
"[0.0046489, -0.00305743, -0.0323412, -0.0691184, 0.997338, 0.0200657, -0.0114542, -0.952742, -0.867289, 0.357885]"
"[0.00465042, -0.00305689, -0.0323416, -0.0691194, 0.997338, 0.0200651, -0.0114524, -0.957305, -0.870195, 0.363342]"
"[0.00464862, -0.00305747, -0.0323424, -0.0691187, 0.997338, 0.0200665, -0.0114539, -0.970795, -0.878041, 0.361005]"
"[0.00465069, -0.00305824, -0.0323409, -0.069119, 0.997338, 0.0200635, -0.0114511, -0.936119, -0.896159, 0.352638]"
"[0.00464982, -0.00305933, -0.0323423, -0.069118, 0.997339, 0.0200656, -0.0114522, -0.952822, -0.865579, 0.356899]"
"[0.0046484, -0.0030605, -0.0323439, -0.0691179, 0.997339, 0.0200648, -0.0114532, -0.969623, -0.858588, 0.361523]"
"[0.0046506, -0.00305797, -0.0323413, -0.069119, 0.997338, 0.0200655, -0.0114502, -0.970383, -0.868314, 0.356789]"
"[0.00465091, -0.00306063, -0.0323405, -0.0691188, 0.997339, 0.0200613, -0.0114492, -0.978121, -0.872331, 0.364699]"
"[0.00465017, -0.00305728, -0.0323432, -0.0691193, 0.997338, 0.0200672, -0.0114515, -0.974071, -0.875055, 0.370042]"
"[0.00465107, -0.0030571, -0.0323416, -0.0691174, 0.997339, 0.0200666, -0.0114505, -0.984858, -0.878807, 0.351172]"
"[0.00465158, -0.00305579, -0.0323406, -0.0691191, 0.997338, 0.0200659, -0.0114491, -0.974519, -0.865968, 0.358033]"
"[0.00465204, -0.00306047, -0.0323403, -0.0691184, 0.997339, 0.0200634, -0.0114487, -0.97351, -0.881337, 0.360105]"
"[0.00465021, -0.00305584, -0.0323422, -0.0691192, 0.997338, 0.0200678, -0.0114514, -0.976183, -0.88157, 0.359205]"
"[0.00465243, -0.00305947, -0.0323403, -0.0691172, 0.997339, 0.0200632, -0.011447, -0.976552, -0.871604, 0.36509]"
"[0.00465092, -0.00305823, -0.0323416, -0.0691184, 0.997339, 0.0200631, -0.0114485, -0.979035, -0.858889, 0.359115]"
"[0.00465256, -0.00305671, -0.0323395, -0.0691185, 0.997339, 0.0200656, -0.0114466, -0.976293, -0.860571, 0.343537]"
"[0.00465163, -0.00305702, -0.0323409, -0.0691184, 0.997338, 0.020068, -0.0114478, -1.00475, -0.8833, 0.359957]"
"[0.00465131, -0.0030597, -0.0323411, -0.0691184, 0.997339, 0.0200646, -0.0114483, -0.991026, -0.865443, 0.363514]"
"[0.0046516, -0.00305932, -0.0323402, -0.0691184, 0.997339, 0.0200649, -0.0114475, -0.996861, -0.867649, 0.365534]"
"[0.00465482, -0.0030597, -0.0323394, -0.0691167, 0.997339, 0.0200646, -0.0114438, -0.979041, -0.870769, 0.385201]"
"[0.00465219, -0.00305787, -0.0323415, -0.0691181, 0.997339, 0.0200664, -0.0114466, -0.983433, -0.869809, 0.381373]"
"[0.00465249, -0.00305928, -0.0323423, -0.0691167, 0.997339, 0.0200671, -0.011446, -0.96791, -0.877876, 0.410735]"
"[0.00465508, -0.0030569, -0.0323375, -0.0691171, 0.997339, 0.0200688, -0.0114415, -0.984116, -0.862062, 0.359343]"
"[0.004653, -0.00306149, -0.0323412, -0.0691173, 0.997339, 0.0200596, -0.0114447, -0.997744, -0.865592, 0.366986]"
"[0.00465275, -0.00305884, -0.0323418, -0.0691182, 0.997339, 0.020066, -0.0114463, -0.996865, -0.871588, 0.357951]"
"[0.00465248, -0.0030603, -0.0323417, -0.0691164, 0.997339, 0.0200655, -0.0114448, -0.99206, -0.858315, 0.352654]"
"[0.004653, -0.00305829, -0.0323421, -0.0691177, 0.997339, 0.0200632, -0.011445, -0.987824, -0.881981, 0.375327]"
"[0.00465438, -0.00306014, -0.0323388, -0.0691174, 0.997339, 0.0200607, -0.0114423, -0.986096, -0.879054, 0.354031]"
"[0.00465364, -0.00305674, -0.0323415, -0.0691175, 0.997339, 0.0200659, -0.0114446, -0.984663, -0.878395, 0.340482]"
"[0.00465515, -0.00305857, -0.032339, -0.0691166, 0.997339, 0.0200663, -0.0114416, -0.983531, -0.866764, 0.351644]"
"[0.00465393, -0.00305736, -0.0323401, -0.069117, 0.997339, 0.0200676, -0.0114424, -0.99951, -0.871694, 0.37047]"
"[0.00465395, -0.00305935, -0.0323405, -0.0691174, 0.997339, 0.0200651, -0.0114434, -0.992359, -0.874356, 0.362355]"
"[0.00465432, -0.00306015, -0.0323385, -0.0691168, 0.997339, 0.0200621, -0.0114412, -0.986245, -0.875425, 0.355204]"
"[0.00465524, -0.00305447, -0.0323392, -0.0691173, 0.997339, 0.0200686, -0.0114407, -0.999973, -0.853629, 0.354159]"
"[0.00465225, -0.00305925, -0.0323428, -0.0691177, 0.997339, 0.0200641, -0.0114456, -0.982028, -0.873112, 0.36058]"
"[0.0046534, -0.00305755, -0.0323413, -0.0691173, 0.997339, 0.0200676, -0.0114438, -0.998936, -0.855938, 0.34796]"
"[0.00465489, -0.00305922, -0.0323384, -0.0691169, 0.997339, 0.0200633, -0.0114399, -0.987856, -0.871593, 0.357464]"
"[0.00465315, -0.00305895, -0.0323415, -0.0691172, 0.997339, 0.020065, -0.0114433, -0.978252, -0.87042, 0.342957]"
"[0.00465519, -0.00305867, -0.0323396, -0.0691167, 0.997339, 0.0200656, -0.0114405, -1.01062, -0.881611, 0.361335]"
"[0.00465488, -0.00306142, -0.0323393, -0.0691161, 0.997339, 0.0200659, -0.0114397, -0.994479, -0.851345, 0.361768]"
"[0.00465503, -0.00305849, -0.0323414, -0.0691173, 0.997339, 0.0200639, -0.0114413, -0.972423, -0.876376, 0.341232]"
"[0.00465619, -0.00305939, -0.0323378, -0.0691167, 0.997339, 0.0200657, -0.0114389, -0.991957, -0.87629, 0.361084]"
"[0.00465554, -0.00305848, -0.0323384, -0.0691169, 0.997339, 0.0200645, -0.0114395, -0.991539, -0.864499, 0.352537]"
"[0.00465433, -0.00305954, -0.032342, -0.0691172, 0.997339, 0.0200627, -0.011443, -1.00129, -0.886204, 0.358503]"
"[0.00465589, -0.00305855, -0.0323395, -0.0691171, 0.997339, 0.0200639, -0.0114401, -1.0013, -0.874157, 0.349323]"
"[0.0046543, -0.00305906, -0.0323407, -0.0691165, 0.997339, 0.0200638, -0.0114418, -1.00579, -0.853292, 0.34755]"
"[0.00465645, -0.00305924, -0.0323377, -0.0691165, 0.997339, 0.0200641, -0.0114384, -1.01792, -0.875619, 0.352527]"
"[0.00465582, -0.00305996, -0.0323383, -0.0691167, 0.997339, 0.0200635, -0.0114387, -0.996449, -0.874258, 0.34037]"
"[0.00465527, -0.00305839, -0.0323396, -0.0691168, 0.997339, 0.0200647, -0.0114409, -0.975205, -0.86392, 0.304957]"
"[0.00465747, -0.00305849, -0.0323381, -0.0691163, 0.997339, 0.0200655, -0.0114362, -0.985782, -0.87287, 0.344377]"
"[0.00465426, -0.00306051, -0.032341, -0.0691168, 0.997339, 0.0200619, -0.011442, -0.988651, -0.87269, 0.361801]"
"[0.00465657, -0.00306132, -0.032338, -0.069116, 0.997339, 0.0200646, -0.0114368, -0.980927, -0.871605, 0.344015]"
"[0.00465519, -0.00305866, -0.0323407, -0.0691162, 0.997339, 0.0200644, -0.0114398, -1.00193, -0.876204, 0.37494]"
"[0.00465639, -0.00305883, -0.0323387, -0.0691162, 0.997339, 0.0200623, -0.0114384, -1.01311, -0.854479, 0.364335]"
"[0.00465928, -0.00306091, -0.0323366, -0.0691161, 0.997339, 0.0200632, -0.0114343, -1.00469, -0.872315, 0.360374]"
"[0.00465604, -0.00305933, -0.0323386, -0.0691161, 0.997339, 0.0200659, -0.0114372, -1.00714, -0.883772, 0.379856]"
"[0.00465698, -0.00305848, -0.0323385, -0.0691162, 0.997339, 0.0200634, -0.0114368, -0.993192, -0.868267, 0.359878]"
"[0.00465643, -0.00305891, -0.0323392, -0.0691162, 0.997339, 0.0200635, -0.0114367, -1.00889, -0.876261, 0.35646]"
"[0.00465561, -0.00305816, -0.0323426, -0.0691162, 0.997339, 0.0200649, -0.0114397, -1.01702, -0.877117, 0.365746]"
"[0.00465681, -0.00306108, -0.0323393, -0.0691162, 0.997339, 0.0200623, -0.0114378, -1.0139, -0.866382, 0.350241]"
"[0.00465726, -0.00305967, -0.0323394, -0.0691158, 0.997339, 0.020063, -0.0114362, -0.991418, -0.885174, 0.349177]"
"[0.00465668, -0.00305952, -0.0323394, -0.069116, 0.997339, 0.0200649, -0.0114374, -1.00228, -0.87311, 0.351537]"
"[0.00465783, -0.00306111, -0.0323382, -0.0691155, 0.997339, 0.0200635, -0.0114346, -1.01843, -0.883882, 0.342001]"
"[0.00465807, -0.00306109, -0.032339, -0.0691157, 0.997339, 0.0200621, -0.0114349, -0.982022, -0.880639, 0.345486]"
"[0.00465771, -0.00305997, -0.0323388, -0.0691156, 0.997339, 0.0200619, -0.0114358, -0.996427, -0.868895, 0.367096]"
"[0.00465753, -0.00305943, -0.0323385, -0.0691156, 0.997339, 0.0200628, -0.0114351, -1.00659, -0.866626, 0.366573]"
"[0.00465815, -0.00305982, -0.0323385, -0.0691158, 0.997339, 0.020067, -0.0114348, -1.00556, -0.882383, 0.359777]"
"[0.00465738, -0.00306125, -0.0323396, -0.0691151, 0.997339, 0.0200617, -0.0114345, -1.0018, -0.879717, 0.379076]"
"[0.00465697, -0.00305815, -0.0323385, -0.0691158, 0.997339, 0.0200669, -0.0114352, -0.989617, -0.872664, 0.3595]"
"[0.00465664, -0.00306013, -0.0323395, -0.0691156, 0.997339, 0.0200668, -0.0114348, -0.994793, -0.881275, 0.353648]"
"[0.00465924, -0.00306122, -0.0323366, -0.0691154, 0.997339, 0.0200635, -0.011432, -0.999438, -0.86927, 0.36523]"
"[0.00465817, -0.00305906, -0.0323396, -0.0691163, 0.997339, 0.0200639, -0.0114344, -1.00802, -0.869838, 0.347811]"
"[0.00465882, -0.00305878, -0.0323372, -0.0691149, 0.997339, 0.0200662, -0.0114319, -1.02622, -0.872877, 0.362565]"
"[0.00465851, -0.00305901, -0.0323377, -0.0691158, 0.997339, 0.0200666, -0.0114336, -0.974809, -0.883606, 0.341262]"
"[0.00465811, -0.00306041, -0.0323397, -0.0691153, 0.997339, 0.0200657, -0.0114341, -0.994244, -0.870846, 0.357767]"
"[0.00465635, -0.00306206, -0.0323403, -0.0691152, 0.997339, 0.0200624, -0.0114357, -1.01166, -0.874868, 0.355711]"
"[0.0046575, -0.00305787, -0.032339, -0.0691155, 0.997339, 0.0200669, -0.0114341, -1.00205, -0.874762, 0.339223]"
"[0.0046589, -0.00306105, -0.032337, -0.0691155, 0.997339, 0.0200625, -0.011432, -1.00591, -0.85698, 0.367989]"
"[0.00465821, -0.00305982, -0.0323382, -0.0691151, 0.997339, 0.0200661, -0.0114333, -1.00714, -0.874749, 0.354509]"
"[0.0046594, -0.00305777, -0.0323361, -0.0691149, 0.997339, 0.0200681, -0.0114308, -0.990449, -0.865667, 0.339302]"
"[0.00465997, -0.00306053, -0.0323377, -0.0691146, 0.997339, 0.0200655, -0.0114311, -0.982278, -0.882026, 0.361968]"
"[0.00465958, -0.00305954, -0.0323369, -0.0691153, 0.997339, 0.0200639, -0.01143, -0.98836, -0.868675, 0.338471]"
"[0.00465783, -0.00306023, -0.0323403, -0.0691153, 0.997339, 0.0200618, -0.0114337, -1.00036, -0.874763, 0.359086]"
"[0.00465915, -0.00306166, -0.0323394, -0.0691143, 0.997339, 0.0200631, -0.0114316, -0.984846, -0.869353, 0.344087]"
"[0.0046594, -0.00305827, -0.0323382, -0.0691156, 0.997339, 0.020063, -0.0114309, -0.998297, -0.866156, 0.350832]"
"[0.00465734, -0.00306054, -0.03234, -0.0691144, 0.997339, 0.0200662, -0.0114334, -1.00822, -0.870949, 0.354388]"
"[0.00466031, -0.00306003, -0.0323369, -0.0691148, 0.997339, 0.0200656, -0.01143, -1.0095, -0.871553, 0.349618]"
"[0.00465827, -0.00306107, -0.0323404, -0.069115, 0.997339, 0.0200644, -0.0114315, -0.9782, -0.8774, 0.31047]"
"[0.00466056, -0.00306155, -0.0323368, -0.0691149, 0.997339, 0.0200639, -0.0114268, -0.998233, -0.870589, 0.351702]"
"[0.00466032, -0.00305966, -0.0323396, -0.0691154, 0.997339, 0.0200645, -0.01143, -1.02903, -0.869136, 0.391875]"
"[0.00466114, -0.0030597, -0.0323378, -0.069115, 0.997339, 0.0200636, -0.0114266, -1.05113, -0.877079, 0.510666]"
"[0.00466529, -0.00306038, -0.0323331, -0.0691137, 0.997339, 0.0200621, -0.0114194, -0.980627, -0.877854, 0.357549]"
"[0.00466274, -0.00306024, -0.0323377, -0.0691136, 0.997339, 0.0200622, -0.0114246, -1.00268, -0.878914, 0.384374]"
"[0.00466249, -0.00306161, -0.0323384, -0.0691139, 0.997339, 0.0200633, -0.0114231, -0.974093, -0.877914, 0.353343]"
"[0.0046641, -0.00306426, -0.0323357, -0.0691127, 0.997339, 0.0200637, -0.0114201, -0.977614, -0.884537, 0.37121]"
"[0.00466163, -0.00306026, -0.0323383, -0.0691127, 0.997339, 0.0200639, -0.011424, -0.983155, -0.869473, 0.368423]"
"[0.00466349, -0.00306055, -0.0323355, -0.069113, 0.997339, 0.0200642, -0.0114209, -0.975732, -0.867652, 0.351761]"
"[0.0046641, -0.0030605, -0.0323357, -0.0691136, 0.997339, 0.0200637, -0.0114205, -1.00108, -0.873654, 0.3821]"
"[0.00466464, -0.00306362, -0.0323355, -0.0691122, 0.997339, 0.0200624, -0.0114191, -0.97947, -0.885801, 0.381376]"
"[0.00466221, -0.00306058, -0.0323379, -0.0691129, 0.997339, 0.0200637, -0.0114231, -1.01165, -0.862007, 0.40283]"
"[0.0046633, -0.00306329, -0.0323371, -0.0691133, 0.997339, 0.0200609, -0.0114214, -0.974785, -0.880127, 0.343074]"
"[0.00466335, -0.00306146, -0.0323363, -0.069113, 0.997339, 0.0200623, -0.0114213, -1.01941, -0.895701, 0.36703]"
"[0.00466472, -0.00305689, -0.0323362, -0.0691128, 0.997339, 0.0200689, -0.0114196, -1.00067, -0.863367, 0.381042]"
"[0.00466447, -0.00306259, -0.0323344, -0.0691122, 0.997339, 0.0200605, -0.0114184, -1.04299, -0.887862, 0.524061]"
"[0.00466588, -0.00306188, -0.0323341, -0.0691119, 0.997339, 0.0200633, -0.0114168, -0.996826, -0.878611, 0.367807]"
"[0.00466613, -0.00306176, -0.0323339, -0.0691125, 0.997339, 0.0200641, -0.0114165, -0.9952, -0.874267, 0.352656]"
"[0.00466467, -0.00306166, -0.0323351, -0.0691134, 0.997339, 0.0200638, -0.0114179, -0.986346, -0.85716, 0.353827]"
"[0.00466447, -0.00305999, -0.032336, -0.0691135, 0.997339, 0.0200649, -0.0114182, -1.00202, -0.852615, 0.377765]"
"[0.00466573, -0.00306553, -0.032335, -0.0691118, 0.99734, 0.0200569, -0.011417, -1.00744, -0.879668, 0.388724]"
"[0.0046631, -0.00306446, -0.0323389, -0.0691124, 0.997339, 0.0200629, -0.0114216, -1.00004, -0.860152, 0.402257]"
"[0.00466474, -0.00306187, -0.0323356, -0.0691124, 0.997339, 0.0200636, -0.0114185, -0.995628, -0.871526, 0.388351]"
"[0.00466435, -0.00306288, -0.0323367, -0.0691119, 0.997339, 0.0200619, -0.0114191, -1.00638, -0.862733, 0.380219]"
"[0.00466526, -0.00306155, -0.032337, -0.0691132, 0.997339, 0.0200604, -0.0114179, -0.999587, -0.886038, 0.383757]"
"[0.0046658, -0.00306263, -0.0323345, -0.0691133, 0.997339, 0.0200587, -0.0114159, -0.978491, -0.867117, 0.368634]"
"[0.0046652, -0.00305981, -0.0323369, -0.0691138, 0.997339, 0.0200624, -0.0114184, -1.01446, -0.884836, 0.392137]"
"[0.00466515, -0.00306087, -0.0323357, -0.0691119, 0.997339, 0.0200623, -0.0114172, -0.974295, -0.864627, 0.322725]"
"[0.00466569, -0.00306151, -0.032334, -0.0691131, 0.997339, 0.0200624, -0.0114151, -1.0101, -0.877393, 0.375628]"
"[0.00466757, -0.00306183, -0.0323345, -0.0691125, 0.997339, 0.020062, -0.0114146, -0.994918, -0.860641, 0.334575]"
"[0.00466602, -0.0030619, -0.0323351, -0.0691122, 0.997339, 0.0200632, -0.0114156, -1.00235, -0.869884, 0.362708]"
"[0.00466611, -0.00306363, -0.0323357, -0.0691121, 0.997339, 0.0200613, -0.0114158, -1.00021, -0.872829, 0.373962]"
"[0.00466561, -0.00306169, -0.0323348, -0.0691117, 0.997339, 0.0200632, -0.0114157, -1.00043, -0.869892, 0.364005]"
"[0.00466659, -0.00306095, -0.032334, -0.0691129, 0.997339, 0.0200621, -0.0114146, -0.998404, -0.862096, 0.367274]"
"[0.0046663, -0.00306267, -0.0323354, -0.0691121, 0.997339, 0.0200604, -0.0114164, -1.00439, -0.879256, 0.377042]"
"[0.0046639, -0.00306145, -0.0323366, -0.0691136, 0.997339, 0.0200614, -0.0114184, -1.01806, -0.873119, 0.393703]"
"[0.00466518, -0.00306206, -0.0323363, -0.0691122, 0.997339, 0.0200624, -0.0114175, -1.01929, -0.866831, 0.368231]"
"[0.00466663, -0.00306028, -0.0323359, -0.0691124, 0.997339, 0.020062, -0.0114166, -1.02039, -0.869394, 0.371053]"
"[0.0046659, -0.0030609, -0.0323351, -0.0691129, 0.997339, 0.020061, -0.0114163, -1.00489, -0.865078, 0.366062]"
"[0.00466702, -0.00306134, -0.0323337, -0.0691126, 0.997339, 0.0200626, -0.0114141, -1.03191, -0.871043, 0.375564]"
"[0.00466729, -0.0030604, -0.0323348, -0.069113, 0.997339, 0.020062, -0.0114143, -0.993389, -0.865742, 0.37773]"
"[0.00466588, -0.00306061, -0.0323355, -0.0691118, 0.997339, 0.0200619, -0.0114158, -0.936876, -0.871968, 0.200839]"
"[0.00466589, -0.00305997, -0.0323358, -0.0691132, 0.997339, 0.0200639, -0.0114165, -1.01665, -0.878032, 0.382112]"
"[0.00466632, -0.00306155, -0.0323349, -0.069112, 0.997339, 0.0200644, -0.0114151, -0.984945, -0.876117, 0.354152]"
"[0.00466593, -0.00306193, -0.0323354, -0.0691119, 0.997339, 0.0200612, -0.0114153, -0.981713, -0.866233, 0.36274]"
"[0.00466771, -0.00306097, -0.0323348, -0.0691124, 0.997339, 0.0200621, -0.0114133, -1.00369, -0.87845, 0.339501]"
"[0.00466871, -0.00306293, -0.0323343, -0.0691124, 0.997339, 0.0200613, -0.0114111, -1.00355, -0.87654, 0.368964]"
"[0.00466857, -0.00306308, -0.0323324, -0.0691112, 0.99734, 0.0200628, -0.01141, -0.98939, -0.873394, 0.334818]"
"[0.00466719, -0.00306197, -0.0323346, -0.0691113, 0.997339, 0.0200643, -0.0114131, -0.998871, -0.847022, 0.356766]"
"[0.00466656, -0.00306238, -0.0323345, -0.0691115, 0.997339, 0.0200613, -0.0114133, -1.03074, -0.876208, 0.365897]"
"[0.0046677, -0.00306106, -0.0323336, -0.0691126, 0.997339, 0.0200602, -0.0114121, -1.06602, -0.873123, 0.458162]"
"[0.00466822, -0.00306112, -0.032334, -0.0691126, 0.997339, 0.0200612, -0.0114114, -1.01499, -0.861933, 0.354076]"
"[0.0046659, -0.00306304, -0.0323371, -0.0691124, 0.997339, 0.0200597, -0.0114153, -1.00022, -0.883002, 0.357157]"
"[0.00466798, -0.00306356, -0.0323339, -0.0691124, 0.997339, 0.0200616, -0.0114122, -1.0256, -0.881951, 0.364452]"
"[0.00466863, -0.00306497, -0.0323329, -0.069112, 0.99734, 0.0200592, -0.0114105, -1.02839, -0.874208, 0.374428]"
"[0.0046657, -0.00306286, -0.0323351, -0.0691126, 0.997339, 0.0200607, -0.0114142, -1.00178, -0.871347, 0.363552]"
"[0.004667, -0.00306292, -0.032334, -0.0691122, 0.997339, 0.0200624, -0.0114131, -1.01388, -0.868924, 0.353107]"
"[0.00466634, -0.00306031, -0.0323347, -0.0691126, 0.997339, 0.0200615, -0.0114135, -1.03012, -0.85957, 0.367418]"
"[0.00466879, -0.0030613, -0.0323336, -0.0691118, 0.99734, 0.0200607, -0.0114107, -1.02449, -0.84502, 0.375117]"
"[0.00466579, -0.00306182, -0.0323358, -0.0691124, 0.997339, 0.0200594, -0.0114145, -1.02178, -0.866889, 0.373143]"
"[0.00466781, -0.00306131, -0.0323341, -0.0691118, 0.997339, 0.0200635, -0.0114125, -1.02473, -0.8784, 0.374072]"
"[0.0046673, -0.00306219, -0.0323353, -0.0691126, 0.997339, 0.020061, -0.0114131, -1.02236, -0.86841, 0.371419]"
"[0.00466818, -0.00306298, -0.0323343, -0.0691126, 0.997339, 0.0200612, -0.0114128, -1.02424, -0.867644, 0.396246]"
"[0.00466815, -0.00306253, -0.0323351, -0.0691126, 0.997339, 0.0200609, -0.0114133, -1.0135, -0.870928, 0.37078]"
"[0.00466716, -0.00306216, -0.0323355, -0.0691129, 0.997339, 0.0200621, -0.0114129, -1.00762, -0.864323, 0.371301]"
"[0.00466769, -0.00306242, -0.0323344, -0.0691121, 0.997339, 0.0200601, -0.0114121, -1.01438, -0.87717, 0.366582]"
"[0.00466745, -0.00306417, -0.0323361, -0.0691119, 0.99734, 0.0200594, -0.0114128, -1.03467, -0.864584, 0.36987]"
"[0.00466731, -0.00306095, -0.0323361, -0.0691124, 0.997339, 0.0200608, -0.0114134, -1.00272, -0.866409, 0.344237]"
"[0.00466957, -0.00306519, -0.0323326, -0.0691114, 0.99734, 0.0200593, -0.0114083, -0.993152, -0.853292, 0.349246]"
"[0.00466701, -0.00306121, -0.0323356, -0.0691123, 0.997339, 0.0200636, -0.0114132, -1.01438, -0.854466, 0.361532]"
"[0.00466756, -0.00305959, -0.0323347, -0.0691112, 0.997339, 0.0200647, -0.0114119, -1.00986, -0.87923, 0.353222]"
"[0.00466813, -0.00306355, -0.0323355, -0.0691119, 0.99734, 0.0200587, -0.0114124, -1.02148, -0.863103, 0.356805]"
"[0.00466826, -0.00305931, -0.0323343, -0.0691117, 0.997339, 0.0200645, -0.0114107, -1.02223, -0.875366, 0.355702]"
"[0.00466804, -0.00306239, -0.0323342, -0.0691118, 0.99734, 0.0200604, -0.0114113, -1.0207, -0.87082, 0.350869]"
"[0.00466874, -0.00305935, -0.0323342, -0.0691123, 0.997339, 0.020064, -0.0114114, -1.02036, -0.86385, 0.363248]"
"[0.00466905, -0.00306329, -0.0323325, -0.0691112, 0.99734, 0.0200622, -0.0114096, -1.11135, -0.868036, 0.536507]"
"[0.00466865, -0.00306137, -0.0323325, -0.0691117, 0.997339, 0.0200639, -0.0114095, -1.01156, -0.861943, 0.362859]"
"[0.00466841, -0.00306349, -0.0323349, -0.0691114, 0.99734, 0.0200603, -0.0114105, -1.05064, -0.879307, 0.368932]"
"[0.00466899, -0.00306254, -0.0323343, -0.0691117, 0.997339, 0.0200624, -0.0114101, -1.01072, -0.863576, 0.372838]"
"[0.00466736, -0.00306246, -0.0323355, -0.0691117, 0.997339, 0.020061, -0.0114123, -1.01008, -0.86295, 0.359938]"
"[0.00466969, -0.00306228, -0.032334, -0.0691116, 0.99734, 0.0200606, -0.0114086, -1.003, -0.875083, 0.308733]"
"[0.00466974, -0.00306113, -0.0323337, -0.069112, 0.997339, 0.0200633, -0.0114094, -1.05138, -0.859428, 0.373412]"
"[0.00466877, -0.00306257, -0.0323335, -0.069111, 0.99734, 0.0200621, -0.0114086, -0.997952, -0.866406, 0.334997]"
"[0.0046697, -0.00306437, -0.0323333, -0.0691113, 0.99734, 0.0200587, -0.0114083, -1.01429, -0.865899, 0.356429]"
"[0.00466788, -0.00306242, -0.0323351, -0.069112, 0.997339, 0.0200608, -0.0114117, -1.04046, -0.875791, 0.374478]"
"[0.00466945, -0.00306155, -0.0323339, -0.0691109, 0.99734, 0.020063, -0.0114087, -1.02731, -0.874782, 0.373139]"
"[0.00466795, -0.0030583, -0.0323347, -0.0691119, 0.997339, 0.020064, -0.0114105, -1.02058, -0.868476, 0.358527]"
"[0.00466695, -0.00306296, -0.0323347, -0.0691117, 0.99734, 0.0200599, -0.0114113, -1.00929, -0.864015, 0.347811]"
"[0.00466857, -0.00306298, -0.0323357, -0.0691116, 0.99734, 0.0200581, -0.0114105, -0.991808, -0.866279, 0.330654]"
"[0.0046679, -0.00306157, -0.0323349, -0.0691105, 0.99734, 0.0200639, -0.0114099, -1.00337, -0.872297, 0.347444]"
